county_fips,county_name,county_seat,state_name,state_abbr,year,population_total,population_white,population_black,population_am_ind,population_asian,population_pacific,population_two_races_nh,population_hispanic,population_over_18_total,population_pct_white,population_pct_black,population_pct_am_ind,population_pct_asian,population_pct_pacific,population_pct_two_races_nh,population_pct_hispanic,population_pct_over_18,bachelor_degree_pct_of_adults,median_household_income_2010,poverty_pct_overall_2010,poverty_pct_under_18_2010,votes_democrat,votes_republican,votes_other,votes_total,votes_pct_democrat,votes_pct_republican,votes_pct_other,votes_pct_two_party_democrat,votes_pct_two_party_republican,winning_party,winning_margin,winning_two_party_margin,votes_pct_partisan_index,votes_pct_swing_from_prev_election
01001,Autauga,Prattville,Alabama,AL,2000,44021,35162,7503,186,200,12,346,612,31619,0.79876,0.17044,0.00423,0.00454,0.00027,0.00786,0.0139,0.71827,0.18,53049,0.119,0.175,4942,11993,273,17208,0.28719,0.69694,0.01586,0.29182,0.70818,REPUBLICAN,0.40975,-0.40975,-0.20746,
01001,Autauga,Prattville,Alabama,AL,2004,48366,38129,8337,206,318,13,494,869,34890,0.78834,0.17237,0.00426,0.00657,0.00027,0.01021,0.01797,0.72137,0.19854,53049,0.119,0.175,4758,15196,127,20081,0.23694,0.75674,0.00632,0.23845,0.76155,REPUBLICAN,0.5198,-0.5198,-0.24758,-0.11005
01001,Autauga,Prattville,Alabama,AL,2008,53277,41376,9409,216,420,21,660,1175,38702,0.77662,0.17661,0.00405,0.00788,0.00039,0.01239,0.02205,0.72643,0.217078306,53049,0.119,0.175,6093,17403,145,23641,0.25773,0.73614,0.00613,0.25932,0.74068,REPUBLICAN,0.47841,-0.47841,-0.27557,0.04139
01001,Autauga,Prattville,Alabama,AL,2012,54954,42188,9876,246,545,29,755,1315,40970,0.7677,0.17971,0.00448,0.00992,0.00053,0.01374,0.02393,0.74553,0.21708,53049,0.119,0.175,6363,17379,190,23932,0.26588,0.72618,0.00794,0.26801,0.73199,REPUBLICAN,0.4603,-0.4603,-0.24945,0.01811
01001,Autauga,Prattville,Alabama,AL,2016,55243,41471,10461,231,634,34,914,1498,42189,0.7507,0.18936,0.00418,0.01148,0.00062,0.01655,0.02712,0.7637,0.24995,53049,0.119,0.175,5936,18172,865,24973,0.2377,0.72767,0.03464,0.24623,0.75377,REPUBLICAN,0.48997,-0.48997,-0.25548,-0.02967
01001,Autauga,Prattville,Alabama,AL,2020,58909,42862,11916,241,667,45,1044,2134,45213,0.7276,0.20228,0.00409,0.01132,0.00076,0.01772,0.03623,0.76751,0.28283,53049,0.119,0.175,7503,19838,429,27770,0.27018,0.71437,0.01545,0.27442,0.72558,REPUBLICAN,0.44419,-0.44419,-0.24437,0.04578
01001,Autauga,Prattville,Alabama,AL,2024,61464,43599,13078,250,827,48,1197,2465,47450,0.70934,0.21277,0.00407,0.01346,0.00078,0.01947,0.0401,0.772,0.28283,53049,0.119,0.175,7439,20484,358,28281,0.26304,0.7243,0.01266,0.26641,0.73359,REPUBLICAN,0.46126,-0.46126,-0.22327,-0.01707
01003,Baldwin,Bay Minette,Alabama,AL,2000,141342,121887,14468,761,540,37,1154,2495,107261,0.86236,0.10236,0.00538,0.00382,0.00026,0.00816,0.01765,0.75888,0.231,47618,0.133,0.202,13997,40872,1611,56480,0.24782,0.72365,0.02852,0.2551,0.7449,REPUBLICAN,0.47583,-0.47583,-0.2405,
01003,Baldwin,Bay Minette,Alabama,AL,2004,156266,133471,15292,911,923,53,1506,4110,119981,0.85413,0.09786,0.00583,0.00591,0.00034,0.00964,0.0263,0.7678,0.25421,47618,0.133,0.202,15599,52971,750,69320,0.22503,0.76415,0.01082,0.22749,0.77251,REPUBLICAN,0.53912,-0.53912,-0.25725,-0.06329
01003,Baldwin,Bay Minette,Alabama,AL,2008,175827,148139,16442,1069,1207,75,2042,6853,135085,0.84253,0.09351,0.00608,0.00686,0.00043,0.01161,0.03898,0.76828,0.277415908,47618,0.133,0.202,19386,61271,756,81413,0.23812,0.75259,0.00929,0.24035,0.75965,REPUBLICAN,0.51447,-0.51447,-0.2936,0.02465
01003,Baldwin,Bay Minette,Alabama,AL,2012,190145,158653,17632,1243,1619,85,2546,8367,147626,0.83438,0.09273,0.00654,0.00851,0.00045,0.01339,0.044,0.77639,0.27742,47618,0.133,0.202,18424,66016,898,85338,0.21589,0.77358,0.01052,0.21819,0.78181,REPUBLICAN,0.55769,-0.55769,-0.29814,-0.04322
01003,Baldwin,Bay Minette,Alabama,AL,2016,207601,172788,18748,1403,2090,89,3192,9291,162808,0.83231,0.09031,0.00676,0.01007,0.00043,0.01538,0.04475,0.78424,0.3027,47618,0.133,0.202,18458,72883,3874,95215,0.19386,0.76546,0.04069,0.20208,0.79792,REPUBLICAN,0.5716,-0.5716,-0.29629,-0.01391
01003,Baldwin,Bay Minette,Alabama,AL,2020,233244,192439,19818,1536,2500,121,4105,12725,183833,0.82505,0.08497,0.00659,0.01072,0.00052,0.0176,0.05456,0.78816,0.32798,47618,0.133,0.202,24578,83544,1557,109679,0.22409,0.76171,0.0142,0.22732,0.77268,REPUBLICAN,0.53762,-0.53762,-0.29109,0.03398
01003,Baldwin,Bay Minette,Alabama,AL,2024,261608,213862,21742,1703,3078,139,4981,16103,208342,0.81749,0.08311,0.00651,0.01177,0.00053,0.01904,0.06155,0.79639,0.32798,47618,0.133,0.202,24934,95798,1517,122249,0.20396,0.78363,0.01241,0.20652,0.79348,REPUBLICAN,0.57967,-0.57967,-0.28248,-0.04205
01005,Barbour,Clayton,Alabama,AL,2000,29015,14764,13392,119,84,6,172,478,21750,0.50884,0.46155,0.0041,0.0029,0.00021,0.00593,0.01647,0.74961,0.109,33074,0.253,0.362,5188,5096,111,10395,0.49909,0.49024,0.01068,0.50447,0.49553,DEMOCRAT,0.00885,0.00885,0.00184,
01005,Barbour,Clayton,Alabama,AL,2004,28287,13794,13231,105,98,10,184,865,21684,0.48764,0.46774,0.00371,0.00346,0.00035,0.0065,0.03058,0.76657,0.12712,33074,0.253,0.362,4832,5899,46,10777,0.44836,0.54737,0.00427,0.45028,0.54972,REPUBLICAN,0.09901,-0.09901,-0.03719,-0.10786
01005,Barbour,Clayton,Alabama,AL,2008,27808,13119,12968,65,109,23,180,1344,21580,0.47177,0.46634,0.00234,0.00392,0.00083,0.00647,0.04833,0.77604,0.145242862,33074,0.253,0.362,5697,5866,67,11630,0.48985,0.50439,0.00576,0.49269,0.50731,REPUBLICAN,0.01454,-0.01454,-0.04363,0.08447
01005,Barbour,Clayton,Alabama,AL,2012,27169,12705,12806,64,126,23,218,1227,21379,0.46763,0.47135,0.00236,0.00464,0.00085,0.00802,0.04516,0.78689,0.14524,33074,0.253,0.362,5912,5550,47,11509,0.51368,0.48223,0.00408,0.51579,0.48421,DEMOCRAT,0.03145,0.03145,-0.00357,0.04599
01005,Barbour,Clayton,Alabama,AL,2016,25806,11937,12284,73,112,22,265,1113,20417,0.46257,0.47601,0.00283,0.00434,0.00085,0.01027,0.04313,0.79117,0.12995,33074,0.253,0.362,4871,5454,144,10469,0.46528,0.52097,0.01375,0.47177,0.52823,REPUBLICAN,0.05569,-0.05569,-0.03834,-0.08714
01005,Barbour,Clayton,Alabama,AL,2020,24975,11157,11756,97,114,31,326,1494,19680,0.44673,0.47071,0.00388,0.00456,0.00124,0.01305,0.05982,0.78799,0.11465,33074,0.253,0.362,4816,5622,80,10518,0.45788,0.53451,0.00761,0.46139,0.53861,REPUBLICAN,0.07663,-0.07663,-0.06059,-0.02094
01005,Barbour,Clayton,Alabama,AL,2024,24358,10928,11240,101,141,33,338,1577,19484,0.44864,0.46145,0.00415,0.00579,0.00135,0.01388,0.06474,0.7999,0.11465,33074,0.253,0.362,4158,5606,91,9855,0.42192,0.56885,0.00923,0.42585,0.57415,REPUBLICAN,0.14693,-0.14693,-0.0661,-0.0703
56029,Park,Cody,Wyoming,WY,2004,26078,24481,31,118,119,21,236,1072,20322,0.93876,0.00119,0.00452,0.00456,0.00081,0.00905,0.04111,0.77928,0.26078,50058,0.12,0.173,3007,10917,307,14231,0.2113,0.76713,0.02157,0.21596,0.78404,REPUBLICAN,0.55583,-0.55583,-0.2656,0.02535
56029,Park,Cody,Wyoming,WY,2008,27594,25631,44,129,156,24,310,1300,21638,0.92886,0.00159,0.00467,0.00565,0.00087,0.01123,0.04711,0.78416,0.28456762080000003,50058,0.12,0.173,3757,10839,453,15049,0.24965,0.72025,0.0301,0.2574,0.7426,REPUBLICAN,0.4706,-0.4706,-0.27166,0.08523
56029,Park,Cody,Wyoming,WY,2012,28808,26318,238,155,214,24,367,1492,22711,0.91357,0.00826,0.00538,0.00743,0.00083,0.01274,0.05179,0.78836,0.28457,50058,0.12,0.173,2927,11234,447,14608,0.20037,0.76903,0.0306,0.20669,0.79331,REPUBLICAN,0.56866,-0.56866,-0.30363,-0.09806
56029,Park,Cody,Wyoming,WY,2016,29213,26688,195,178,220,17,344,1571,23112,0.91357,0.00668,0.00609,0.00753,0.00058,0.01178,0.05378,0.79115,0.31706,50058,0.12,0.173,2535,11115,1445,15095,0.16794,0.73634,0.09573,0.18571,0.81429,REPUBLICAN,0.5684,-0.5684,-0.2947,0.00026
56029,Park,Cody,Wyoming,WY,2020,29666,26981,184,178,219,16,391,1697,23562,0.90949,0.0062,0.006,0.00738,0.00054,0.01318,0.0572,0.79424,0.34956,50058,0.12,0.173,3410,12813,592,16815,0.2028,0.762,0.03521,0.2102,0.7898,REPUBLICAN,0.5592,-0.5592,-0.30188,0.0092
56029,Park,Cody,Wyoming,WY,2024,31082,28029,199,203,263,19,419,1950,24867,0.90178,0.0064,0.00653,0.00846,0.00061,0.01348,0.06274,0.80005,0.34956,50058,0.12,0.173,3259,13084,400,16743,0.19465,0.78146,0.02389,0.19941,0.80059,REPUBLICAN,0.58681,-0.58681,-0.28604,-0.02761
56031,Platte,Wheatland,Wyoming,WY,2000,8739,8150,3,38,13,2,68,465,6594,0.9326,0.00034,0.00435,0.00149,0.00023,0.00778,0.05321,0.75455,0.152,44288,0.12,0.18,1249,2925,199,4373,0.28562,0.66888,0.04551,0.29923,0.70077,REPUBLICAN,0.38326,-0.38326,-0.19421,
56031,Platte,Wheatland,Wyoming,WY,2004,8730,8112,9,40,19,3,78,469,6709,0.92921,0.00103,0.00458,0.00218,0.00034,0.00893,0.05372,0.7685,0.17168,44288,0.12,0.18,1328,3149,97,4574,0.29034,0.68846,0.02121,0.29663,0.70337,REPUBLICAN,0.39812,-0.39812,-0.18674,-0.01486
56031,Platte,Wheatland,Wyoming,WY,2008,8622,7916,20,29,33,2,73,549,6790,0.91812,0.00232,0.00336,0.00383,0.00023,0.00847,0.06367,0.78752,0.19136872,44288,0.12,0.18,1407,3002,188,4597,0.30607,0.65303,0.0409,0.31912,0.68088,REPUBLICAN,0.34696,-0.34696,-0.20984,0.05116
56031,Platte,Wheatland,Wyoming,WY,2012,8729,7876,41,46,39,4,91,632,7014,0.90228,0.0047,0.00527,0.00447,0.00046,0.01043,0.0724,0.80353,0.19137,44288,0.12,0.18,1223,3136,172,4531,0.26992,0.69212,0.03796,0.28057,0.71943,REPUBLICAN,0.4222,-0.4222,-0.2304,-0.07524
56031,Platte,Wheatland,Wyoming,WY,2016,8662,7698,49,44,59,6,113,693,6935,0.88871,0.00566,0.00508,0.00681,0.00069,0.01305,0.08,0.80062,0.19325,44288,0.12,0.18,719,3437,373,4529,0.15875,0.75889,0.08236,0.173,0.827,REPUBLICAN,0.60014,-0.60014,-0.31056,-0.17794
56031,Platte,Wheatland,Wyoming,WY,2020,8632,7611,48,58,54,8,128,725,6850,0.88172,0.00556,0.00672,0.00626,0.00093,0.01483,0.08399,0.79356,0.19513,44288,0.12,0.18,890,3898,175,4963,0.17933,0.78541,0.03526,0.18588,0.81412,REPUBLICAN,0.60608,-0.60608,-0.32532,-0.00594
56031,Platte,Wheatland,Wyoming,WY,2024,8512,7381,49,65,63,11,120,823,6895,0.86713,0.00576,0.00764,0.0074,0.00129,0.0141,0.09669,0.81003,0.19513,44288,0.12,0.18,780,3874,111,4765,0.16369,0.81301,0.02329,0.1676,0.8324,REPUBLICAN,0.64932,-0.64932,-0.3173,-0.04324
56033,Sheridan,Sheridan,Wyoming,WY,2000,26584,25211,44,309,101,33,239,647,20308,0.94835,0.00166,0.01162,0.0038,0.00124,0.00899,0.02434,0.76392,0.224,51926,0.102,0.138,3330,8424,482,12236,0.27215,0.68846,0.03939,0.28331,0.71669,REPUBLICAN,0.41631,-0.41631,-0.21073,
56033,Sheridan,Sheridan,Wyoming,WY,2004,26942,25306,59,343,134,26,272,802,20929,0.93928,0.00219,0.01273,0.00497,0.00097,0.0101,0.02977,0.77682,0.23854,51926,0.102,0.138,4066,9689,274,14029,0.28983,0.69064,0.01953,0.2956,0.7044,REPUBLICAN,0.40081,-0.40081,-0.18809,0.0155
56033,Sheridan,Sheridan,Wyoming,WY,2008,28465,26589,91,334,176,12,320,943,22206,0.93409,0.0032,0.01173,0.00618,0.00042,0.01124,0.03313,0.78012,0.25307065,51926,0.102,0.138,4458,10177,404,15039,0.29643,0.67671,0.02686,0.30461,0.69539,REPUBLICAN,0.38028,-0.38028,-0.2265,0.02053
56033,Sheridan,Sheridan,Wyoming,WY,2012,29524,27165,237,325,218,15,358,1206,23020,0.9201,0.00803,0.01101,0.00738,0.00051,0.01213,0.04085,0.7797,0.25307,51926,0.102,0.138,3618,10267,437,14322,0.25262,0.71687,0.03051,0.26057,0.73943,REPUBLICAN,0.46425,-0.46425,-0.25143,-0.08397
56033,Sheridan,Sheridan,Wyoming,WY,2016,29964,27563,227,327,227,18,381,1221,23506,0.91987,0.00758,0.01091,0.00758,0.0006,0.01272,0.04075,0.78447,0.29341,51926,0.102,0.138,2927,10266,1317,14510,0.20172,0.70751,0.09076,0.22186,0.77814,REPUBLICAN,0.50579,-0.50579,-0.26339,-0.04154
56033,Sheridan,Sheridan,Wyoming,WY,2020,31005,28340,201,325,252,13,442,1432,24460,0.91405,0.00648,0.01048,0.00813,0.00042,0.01426,0.04619,0.78891,0.33375,51926,0.102,0.138,4043,11843,660,16546,0.24435,0.71576,0.03989,0.2545,0.7455,REPUBLICAN,0.47141,-0.47141,-0.25798,0.03438
56033,Sheridan,Sheridan,Wyoming,WY,2024,32978,29865,261,362,271,16,506,1697,26311,0.9056,0.00791,0.01098,0.00822,0.00049,0.01534,0.05146,0.79783,0.33375,51926,0.102,0.138,3920,12041,464,16425,0.23866,0.73309,0.02825,0.2456,0.7544,REPUBLICAN,0.49443,-0.49443,-0.23985,-0.02302
56035,Sublette,Pinedale,Wyoming,WY,2000,5963,5748,12,28,12,5,40,118,4481,0.96394,0.00201,0.0047,0.00201,0.00084,0.00671,0.01979,0.75147,0.216,73855,0.06,0.078,458,2624,134,3216,0.14241,0.81592,0.04167,0.1486,0.8514,REPUBLICAN,0.67351,-0.67351,-0.33933,
56035,Sublette,Pinedale,Wyoming,WY,2004,7072,6599,19,50,25,4,66,309,5479,0.93312,0.00269,0.00707,0.00354,0.00057,0.00933,0.04369,0.77475,0.2507,73855,0.06,0.078,730,2847,74,3651,0.19995,0.77979,0.02027,0.20408,0.79592,REPUBLICAN,0.57984,-0.57984,-0.2776,0.09367
56035,Sublette,Pinedale,Wyoming,WY,2008,9474,8707,29,77,50,2,93,516,7251,0.91904,0.00306,0.00813,0.00528,0.00021,0.00982,0.05446,0.76536,0.285406802,73855,0.06,0.078,936,3316,123,4375,0.21394,0.75794,0.02811,0.22013,0.77987,REPUBLICAN,0.544,-0.544,-0.30836,0.03584
56035,Sublette,Pinedale,Wyoming,WY,2012,10476,9303,84,76,85,6,137,785,8022,0.88803,0.00802,0.00725,0.00811,0.00057,0.01308,0.07493,0.76575,0.28541,73855,0.06,0.078,767,3472,137,4376,0.17527,0.79342,0.03131,0.18094,0.81906,REPUBLICAN,0.61815,-0.61815,-0.32837,-0.07415
56035,Sublette,Pinedale,Wyoming,WY,2016,9982,8905,68,72,66,6,117,748,7667,0.89211,0.00681,0.00721,0.00661,0.0006,0.01172,0.07493,0.76808,0.29815,73855,0.06,0.078,644,3409,337,4390,0.1467,0.77654,0.07677,0.15889,0.84111,REPUBLICAN,0.62984,-0.62984,-0.32542,-0.01169
56035,Sublette,Pinedale,Wyoming,WY,2020,8740,7746,69,73,64,8,142,638,6801,0.88627,0.00789,0.00835,0.00732,0.00092,0.01625,0.073,0.77815,0.31089,73855,0.06,0.078,882,3957,161,5000,0.1764,0.7914,0.0322,0.18227,0.81773,REPUBLICAN,0.615,-0.615,-0.32978,0.01484
56035,Sublette,Pinedale,Wyoming,WY,2024,8965,7884,76,78,73,12,163,679,7152,0.87942,0.00848,0.0087,0.00814,0.00134,0.01818,0.07574,0.79777,0.31089,73855,0.06,0.078,920,3905,99,4924,0.18684,0.79305,0.02011,0.19067,0.80933,REPUBLICAN,0.60621,-0.60621,-0.29575,0.00879
56037,Sweetwater,Green River,Wyoming,WY,2000,37552,32743,270,298,235,15,416,3575,26806,0.87194,0.00719,0.00794,0.00626,0.0004,0.01108,0.0952,0.71384,0.17,67508,0.091,0.132,5521,9425,745,15691,0.35186,0.60066,0.04748,0.3694,0.6306,REPUBLICAN,0.2488,-0.2488,-0.12698,
56037,Sweetwater,Green River,Wyoming,WY,2004,38026,32592,336,301,262,33,439,4063,27847,0.8571,0.00884,0.00792,0.00689,0.00087,0.01154,0.10685,0.73231,0.17003,67508,0.091,0.132,5208,10653,411,16272,0.32006,0.65468,0.02526,0.32835,0.67165,REPUBLICAN,0.33462,-0.33462,-0.155,-0.08582
56037,Sweetwater,Green River,Wyoming,WY,2008,42358,34772,422,322,296,41,523,5982,30971,0.82091,0.00996,0.0076,0.00699,0.00097,0.01235,0.14122,0.73117,0.170062355,67508,0.091,0.132,5762,10360,711,16833,0.3423,0.61546,0.04224,0.3574,0.6426,REPUBLICAN,0.27316,-0.27316,-0.17294,0.06146
56037,Sweetwater,Green River,Wyoming,WY,2012,45002,36054,588,368,328,39,580,7045,32948,0.80116,0.01307,0.00818,0.00729,0.00087,0.01289,0.15655,0.73215,0.17006,67508,0.091,0.132,4774,11428,693,16895,0.28257,0.67641,0.04102,0.29465,0.70535,REPUBLICAN,0.39384,-0.39384,-0.21622,-0.12068
56037,Sweetwater,Green River,Wyoming,WY,2016,44222,35211,495,358,343,50,715,7050,32396,0.79623,0.01119,0.0081,0.00776,0.00113,0.01617,0.15942,0.73258,0.18691,67508,0.091,0.132,3231,12154,1745,17130,0.18862,0.70952,0.10187,0.21001,0.78999,REPUBLICAN,0.5209,-0.5209,-0.27094,-0.12706
56037,Sweetwater,Green River,Wyoming,WY,2020,42196,33350,449,327,370,45,723,6932,31423,0.79036,0.01064,0.00775,0.00877,0.00107,0.01713,0.16428,0.74469,0.20376,67508,0.091,0.132,3823,12229,646,16698,0.22895,0.73236,0.03869,0.23816,0.76184,REPUBLICAN,0.50341,-0.50341,-0.27398,0.01749
56037,Sweetwater,Green River,Wyoming,WY,2024,41273,32184,416,336,325,44,749,7219,31537,0.77978,0.01008,0.00814,0.00787,0.00107,0.01815,0.17491,0.76411,0.20376,67508,0.091,0.132,3731,12541,426,16698,0.22344,0.75105,0.02551,0.22929,0.77071,REPUBLICAN,0.52761,-0.52761,-0.25645,-0.0242
56039,Teton,Jackson,Wyoming,WY,2000,18381,16827,25,86,102,6,131,1204,14775,0.91546,0.00136,0.00468,0.00555,0.00033,0.00713,0.0655,0.80382,0.458,68358,0.09,0.14,4019,5454,958,10431,0.38529,0.52286,0.09184,0.42426,0.57574,REPUBLICAN,0.13757,-0.13757,-0.07136,
56039,Teton,Jackson,Wyoming,WY,2004,19467,17087,31,87,160,10,147,1945,15806,0.87774,0.00159,0.00447,0.00822,0.00051,0.00755,0.09991,0.81194,0.47397,68358,0.09,0.14,5972,5124,263,11359,0.52575,0.4511,0.02315,0.53821,0.46179,DEMOCRAT,0.07465,0.07465,0.04964,0.21222
56039,Teton,Jackson,Wyoming,WY,2008,20988,17712,30,77,197,16,193,2763,17018,0.84391,0.00143,0.00367,0.00939,0.00076,0.0092,0.13165,0.81084,0.48994399190000004,68358,0.09,0.14,7472,4565,322,12359,0.60458,0.36937,0.02605,0.62075,0.37925,DEMOCRAT,0.23521,0.23521,0.08124,0.16056
56039,Teton,Jackson,Wyoming,WY,2012,21624,17656,144,80,252,11,237,3244,17482,0.8165,0.00666,0.0037,0.01165,0.00051,0.01096,0.15002,0.80845,0.48994,68358,0.09,0.14,6213,4858,393,11464,0.54196,0.42376,0.03428,0.5612,0.4388,DEMOCRAT,0.1182,0.1182,0.0398,-0.11701
56039,Teton,Jackson,Wyoming,WY,2016,23234,18951,122,73,284,14,304,3486,18901,0.81566,0.00525,0.00314,0.01222,0.0006,0.01308,0.15004,0.81351,0.55107,68358,0.09,0.14,7314,3921,1392,12627,0.57923,0.31053,0.11024,0.651,0.349,DEMOCRAT,0.2687,0.2687,0.12386,0.1505
56039,Teton,Jackson,Wyoming,WY,2020,23384,19125,169,88,344,17,314,3327,19297,0.81787,0.00723,0.00376,0.01471,0.00073,0.01343,0.14228,0.82522,0.6122,68358,0.09,0.14,9848,4341,598,14787,0.66599,0.29357,0.04044,0.69406,0.30594,DEMOCRAT,0.37242,0.37242,0.16393,0.10372
56039,Teton,Jackson,Wyoming,WY,2024,23272,18274,180,101,497,16,343,3861,19570,0.78524,0.00773,0.00434,0.02136,0.00069,0.01474,0.16591,0.84092,0.6122,68358,0.09,0.14,8748,4134,404,13286,0.65844,0.31115,0.03041,0.67909,0.32091,DEMOCRAT,0.34729,0.34729,0.18101,-0.02513
56041,Uinta,Evanston,Wyoming,WY,2000,19666,18191,18,163,57,12,169,1056,13230,0.925,0.00092,0.00829,0.0029,0.00061,0.00859,0.0537,0.67273,0.15,60532,0.112,0.141,1650,5469,299,7418,0.22243,0.73726,0.04031,0.23177,0.76823,REPUBLICAN,0.51483,-0.51483,-0.26,
56041,Uinta,Evanston,Wyoming,WY,2004,19470,17718,27,160,58,22,207,1278,13603,0.91002,0.00139,0.00822,0.00298,0.00113,0.01063,0.06564,0.69866,0.16636,60532,0.112,0.141,1815,6081,185,8081,0.2246,0.75251,0.02289,0.22986,0.77014,REPUBLICAN,0.52791,-0.52791,-0.25164,-0.01308
56041,Uinta,Evanston,Wyoming,WY,2008,20613,18406,46,123,60,30,267,1681,14490,0.89293,0.00223,0.00597,0.00291,0.00146,0.01295,0.08155,0.70295,0.182729848,60532,0.112,0.141,2317,5763,338,8418,0.27524,0.6846,0.04015,0.28676,0.71324,REPUBLICAN,0.40936,-0.40936,-0.24104,0.11855
56041,Uinta,Evanston,Wyoming,WY,2012,20996,18475,94,134,81,46,303,1863,14854,0.87993,0.00448,0.00638,0.00386,0.00219,0.01443,0.08873,0.70747,0.18273,60532,0.112,0.141,1628,6615,296,8539,0.19065,0.77468,0.03466,0.1975,0.8025,REPUBLICAN,0.58403,-0.58403,-0.31132,-0.17467
56041,Uinta,Evanston,Wyoming,WY,2016,20682,18112,129,139,106,36,284,1876,14665,0.87574,0.00624,0.00672,0.00513,0.00174,0.01373,0.09071,0.70907,0.19796,60532,0.112,0.141,1202,6154,1114,8470,0.14191,0.72656,0.13152,0.1634,0.8366,REPUBLICAN,0.58465,-0.58465,-0.30282,-0.00062
56041,Uinta,Evanston,Wyoming,WY,2020,20461,17827,102,125,95,22,287,2003,14846,0.87127,0.00499,0.00611,0.00464,0.00108,0.01403,0.09789,0.72558,0.21319,60532,0.112,0.141,1591,7496,372,9459,0.1682,0.79247,0.03933,0.17509,0.82491,REPUBLICAN,0.62427,-0.62427,-0.33441,-0.03962
56041,Uinta,Evanston,Wyoming,WY,2024,20621,17792,91,130,113,31,327,2137,15405,0.86281,0.00441,0.0063,0.00548,0.0015,0.01586,0.10363,0.74705,0.21319,60532,0.112,0.141,1561,7282,246,9089,0.17175,0.80119,0.02707,0.17652,0.82348,REPUBLICAN,0.62944,-0.62944,-0.30736,-0.00517
56043,Washakie,Worland,Wyoming,WY,2000,8252,7114,8,37,55,0,80,958,6083,0.86209,0.00097,0.00448,0.00667,0,0.00969,0.11609,0.73715,0.187,47831,0.121,0.156,806,3138,107,4051,0.19896,0.77462,0.02641,0.20436,0.79564,REPUBLICAN,0.57566,-0.57566,-0.29041,
56043,Washakie,Worland,Wyoming,WY,2004,7960,6789,9,45,51,1,83,982,6029,0.85289,0.00113,0.00565,0.00641,0.00013,0.01043,0.12337,0.75741,0.2102,47831,0.121,0.156,855,3200,59,4114,0.20783,0.77783,0.01434,0.21085,0.78915,REPUBLICAN,0.57,-0.57,-0.27269,0.00566
56043,Washakie,Worland,Wyoming,WY,2008,8229,6904,22,50,45,2,87,1119,6234,0.83898,0.00267,0.00608,0.00547,0.00024,0.01057,0.13598,0.75756,0.23339826460000002,47831,0.121,0.156,1042,2956,102,4100,0.25415,0.72098,0.02488,0.26063,0.73937,REPUBLICAN,0.46683,-0.46683,-0.26978,0.10317
56043,Washakie,Worland,Wyoming,WY,2012,8409,6986,33,57,43,1,103,1186,6331,0.83078,0.00392,0.00678,0.00511,0.00012,0.01225,0.14104,0.75288,0.2334,47831,0.121,0.156,794,3014,136,3944,0.20132,0.7642,0.03448,0.20851,0.79149,REPUBLICAN,0.56288,-0.56288,-0.30074,-0.09605
56043,Washakie,Worland,Wyoming,WY,2016,8165,6724,36,51,54,0,136,1164,6242,0.82352,0.00441,0.00625,0.00661,0,0.01666,0.14256,0.76448,0.22686,47831,0.121,0.156,532,2911,371,3814,0.13949,0.76324,0.09727,0.15452,0.84548,REPUBLICAN,0.62375,-0.62375,-0.32237,-0.06087
56043,Washakie,Worland,Wyoming,WY,2020,7663,6331,29,45,55,0,120,1083,5997,0.82618,0.00378,0.00587,0.00718,0,0.01566,0.14133,0.78259,0.22032,47831,0.121,0.156,651,3245,136,4032,0.16146,0.80481,0.03373,0.16709,0.83291,REPUBLICAN,0.64335,-0.64335,-0.34396,-0.0196
56043,Washakie,Worland,Wyoming,WY,2024,7662,6245,36,59,69,3,153,1097,6185,0.81506,0.0047,0.0077,0.00901,0.00039,0.01997,0.14317,0.80723,0.22032,47831,0.121,0.156,656,3125,96,3877,0.1692,0.80604,0.02476,0.1735,0.8265,REPUBLICAN,0.63684,-0.63684,-0.31106,0.00651
56045,Weston,Newcastle,Wyoming,WY,2000,6627,6313,8,83,14,1,71,137,5073,0.95262,0.00121,0.01252,0.00211,0.00015,0.01071,0.02067,0.7655,0.145,48653,0.099,0.128,449,2521,90,3060,0.14673,0.82386,0.02941,0.15118,0.84882,REPUBLICAN,0.67713,-0.67713,-0.34115,
56045,Weston,Newcastle,Wyoming,WY,2004,6646,6290,12,81,13,0,80,170,5219,0.94643,0.00181,0.01219,0.00196,0,0.01204,0.02558,0.78528,0.15996,48653,0.099,0.128,580,2739,73,3392,0.17099,0.80749,0.02152,0.17475,0.82525,REPUBLICAN,0.6365,-0.6365,-0.30594,0.04063
56045,Weston,Newcastle,Wyoming,WY,2008,7133,6700,18,85,22,2,97,209,5650,0.9393,0.00252,0.01192,0.00308,0.00028,0.0136,0.0293,0.79209,0.174929464,48653,0.099,0.128,658,2618,138,3414,0.19274,0.76684,0.04042,0.20085,0.79915,REPUBLICAN,0.5741,-0.5741,-0.32341,0.0624
56045,Weston,Newcastle,Wyoming,WY,2012,7077,6544,35,93,28,1,117,259,5555,0.92469,0.00495,0.01314,0.00396,0.00014,0.01653,0.0366,0.78494,0.17493,48653,0.099,0.128,422,2821,116,3359,0.12563,0.83983,0.03453,0.13013,0.86987,REPUBLICAN,0.7142,-0.7142,-0.3764,-0.1401
56045,Weston,Newcastle,Wyoming,WY,2016,7220,6587,35,87,87,1,127,296,5663,0.91233,0.00485,0.01205,0.01205,0.00014,0.01759,0.041,0.78435,0.17768,48653,0.099,0.128,299,3033,194,3526,0.0848,0.86018,0.05502,0.08974,0.91026,REPUBLICAN,0.77538,-0.77538,-0.39819,-0.06118
56045,Weston,Newcastle,Wyoming,WY,2020,6817,6095,54,115,93,0,141,319,5499,0.89409,0.00792,0.01687,0.01364,0,0.02068,0.04679,0.80666,0.18043,48653,0.099,0.128,360,3107,93,3560,0.10112,0.87275,0.02612,0.10384,0.89616,REPUBLICAN,0.77163,-0.77163,-0.40809,0.00375
56045,Weston,Newcastle,Wyoming,WY,2024,6866,6052,53,114,94,2,152,399,5621,0.88144,0.00772,0.0166,0.01369,0.00029,0.02214,0.05811,0.81867,0.18043,48653,0.099,0.128,378,3069,65,3512,0.10763,0.87386,0.01851,0.10966,0.89034,REPUBLICAN,0.76623,-0.76623,-0.37575,0.0054